suite,case,shape,default16_seconds,p12_seconds,mixed_seconds,mixed_speedup
scaling,add_large,[8388608],0.00485420262,0.00451522868,0.00359833032,1.3490152899581493
scaling,gelu_large,[8388608],0.00708035713,0.0069129776,0.00722612329,0.9798278891529957
scaling,matmul_square,[1536x1536]x[1536x1536],0.0159874413,0.0146041833,0.0145137221,1.1015397146125596
scaling,command_qkv_batch1,[256x512]x[512x1536],0.0011304253,0.00100592972,0.0010211133,1.1070517835777869
scaling,command_qkv_batch16,[4096x512]x[512x1536],0.0124814804,0.0111888729,0.0112545672,1.1090146940523844
scaling,command_mlp_dweight,[512x4096]x[4096x2048],0.0257951595,0.0247425522,0.025240519,1.0219742113860655
scaling,command_attention,[128x256x64]x[128x64x256],0.00466169427,0.00362935913,0.00378772091,1.230738584168811
scaling,tiny_lm_forward,[2x128]->[2x128x256],0.0134295139,0.0132101038,0.010462593,1.2835741483970562
scaling,tiny_lm_train_step,[2x128]->[2x128x256],0.034348555,0.0345717683,0.0329811112,1.0414614229250105
policy,add_256,[256],8.99885569e-08,8.85383721e-08,8.89372321e-08,1.0118209750312208
policy,gelu_256,[256],1.17548854e-06,1.17464748e-06,1.17156236e-06,1.0033512343295152
policy,clone_256,[256],2.23188313e-07,2.18354497e-07,2.18479322e-07,1.0215534859633078
policy,add_4096,[4096],3.45844744e-07,5.06999383e-07,4.86773951e-07,0.7104832608431835
policy,gelu_4096,[4096],1.75565153e-05,1.75348931e-05,7.62877383e-06,2.3013548036985125
policy,clone_4096,[4096],3.64801479e-07,3.85086548e-07,3.645341e-07,1.000733481449335
policy,add_65536,[65536],6.21184761e-06,6.84076816e-06,7.58998785e-06,0.8184265551887544
policy,gelu_65536,[65536],0.000279785338,0.000278583192,5.29560329e-05,5.283351540481425
policy,clone_65536,[65536],2.16337695e-05,9.2423653e-06,4.95109419e-06,4.3694926151263545
policy,add_262144,[262144],5.37460434e-05,5.34085291e-05,9.34116153e-06,5.753678836126496
policy,gelu_262144,[262144],0.00111809567,0.00111480706,0.000194273467,5.755266981465875
policy,clone_262144,[262144],3.20354079e-05,1.125305e-05,7.52037273e-06,4.259816507791629
policy,add_1048576,[1048576],9.04646e-05,4.83672793e-05,4.41057199e-05,2.051085442094779
policy,gelu_1048576,[1048576],0.00086588784,0.000718325179,0.00102222655,0.8470606051075469
policy,clone_1048576,[1048576],0.00011453499,4.33690804e-05,7.16812659e-05,1.5978371553842774
policy,matmul_32,[32x32]x[32x32],1.39195677e-06,1.38756063e-06,1.40399427e-06,0.991426247060111
policy,packed_matmul_32,[32x32]x[32x32],1.9486212e-06,1.95792439e-06,1.95326516e-06,0.9976224630966132
policy,pack_rhs_32,[32x32],5.99062999e-07,6.01524694e-07,6.16369228e-07,0.9719223020653459
policy,matmul_64,[64x64]x[64x64],8.08009801e-06,8.04703609e-06,8.05328037e-06,1.0033300268670517
policy,packed_matmul_64,[64x64]x[64x64],1.0971162e-05,1.11084997e-05,1.12322414e-05,0.9767562509829962
policy,pack_rhs_64,[64x64],1.85435381e-06,1.83565386e-06,1.83383163e-06,1.0111908747042386
policy,matmul_128,[128x128]x[128x128],4.99581263e-05,4.96876114e-05,4.97071461e-05,1.00504917742602
policy,packed_matmul_128,[128x128]x[128x128],6.54409404e-05,6.60017353e-05,6.622001e-05,0.9882351331568812
policy,pack_rhs_128,[128x128],7.32189222e-06,7.35873465e-06,7.34385149e-06,0.9970098428556322
policy,matmul_256,[256x256]x[256x256],0.000128925204,0.000176118676,0.000112542,1.1455741323239326
policy,packed_matmul_256,[256x256]x[256x256],0.000103116547,7.76571263e-05,8.13790667e-05,1.2671139051045421
policy,pack_rhs_256,[256x256],2.84981314e-05,2.86780944e-05,2.86853381e-05,0.9934737844348434
policy,batched_matmul_64,[8x64x64]x[8x64x64],6.39486867e-05,6.36756577e-05,6.3914844e-05,1.0005294967159741
